movieCd,movieNm,link,image,userRating
20181181,미션 임파서블: 폴아웃,https://movie.naver.com/movie/bi/mi/basic.nhn?code=154222,https://ssl.pstatic.net/imgmovie/mdi/mit110/1542/154222_P07_114856.jpg,9.12
20183361,인크레더블 2,https://movie.naver.com/movie/bi/mi/basic.nhn?code=136990,https://ssl.pstatic.net/imgmovie/mdi/mit110/1369/136990_P27_140604.jpg,9.23
20170942,인랑,https://movie.naver.com/movie/bi/mi/basic.nhn?code=109906,https://ssl.pstatic.net/imgmovie/mdi/mit110/1099/109906_P00_103901.jpg,3.85
20185242,신비아파트: 금빛 도깨비와 비밀의 동굴,https://movie.naver.com/movie/bi/mi/basic.nhn?code=174805,https://ssl.pstatic.net/imgmovie/mdi/mit110/1748/174805_P12_100714.jpg,8.72
20180522,앤트맨과 와스프,https://movie.naver.com/movie/bi/mi/basic.nhn?code=144330,https://ssl.pstatic.net/imgmovie/mdi/mit110/1443/144330_P05_110325.jpg,8.62
20185341,마녀,https://movie.naver.com/movie/bi/mi/basic.nhn?code=175322,https://ssl.pstatic.net/imgmovie/mdi/mit110/1753/175322_P98_135944.jpg,8.18
20181443,스카이스크래퍼,https://movie.naver.com/movie/bi/mi/basic.nhn?code=160375,https://ssl.pstatic.net/imgmovie/mdi/mit110/1603/160375_P06_173757.jpg,7.63
20186121,어느 가족,https://movie.naver.com/movie/bi/mi/basic.nhn?code=172174,https://ssl.pstatic.net/imgmovie/mdi/mit110/1721/172174_P20_110537.jpg,9.21
20188042,독전: 익스텐디드 컷,https://movie.naver.com/movie/bi/mi/basic.nhn?code=158178,https://ssl.pstatic.net/imgmovie/mdi/mit110/1581/158178_P57_114234.jpg,7.53
20186001,신은 죽지 않았다 3: 어둠 속의 빛,https://movie.naver.com/movie/bi/mi/basic.nhn?code=172344,https://ssl.pstatic.net/imgmovie/mdi/mit110/1723/172344_P10_103439.jpg,8.38
20186202,신과함께-인과 연,https://movie.naver.com/movie/bi/mi/basic.nhn?code=167697,https://ssl.pstatic.net/imgmovie/mdi/mit110/1676/167697_P01_113354.jpg,7.71
20186501,극장판 헬로카봇 : 백악기 시대,https://movie.naver.com/movie/bi/mi/basic.nhn?code=175727,https://ssl.pstatic.net/imgmovie/mdi/mit110/1757/175727_P08_154401.jpg,9.23
20181942,맘마미아!2,https://movie.naver.com/movie/bi/mi/basic.nhn?code=164115,https://ssl.pstatic.net/imgmovie/mdi/mit110/1641/164115_P50_104521.jpg,8.96
20179101,공작,https://movie.naver.com/movie/bi/mi/basic.nhn?code=153687,https://ssl.pstatic.net/imgmovie/mdi/mit110/1536/153687_P54_102718.jpg,6.85
20184802,몬스터 호텔 3,https://movie.naver.com/movie/bi/mi/basic.nhn?code=169643,https://ssl.pstatic.net/imgmovie/mdi/mit110/1696/169643_P26_103310.jpg,8.59
20187427,명탐정 코난 : 제로의 집행인,https://movie.naver.com/movie/bi/mi/basic.nhn?code=173019,https://ssl.pstatic.net/imgmovie/mdi/mit110/1730/173019_P30_150613.jpg,9.07
20170670,목격자,https://movie.naver.com/movie/bi/mi/basic.nhn?code=169015,https://ssl.pstatic.net/imgmovie/mdi/mit110/1690/169015_P29_104430.jpg,4.86
20183584,메가로돈,https://movie.naver.com/movie/bi/mi/basic.nhn?code=152661,https://ssl.pstatic.net/imgmovie/mdi/mit110/1526/152661_P02_173353.jpg,5.87
20187641,극장판 도라에몽: 진구의 보물섬,https://movie.naver.com/movie/bi/mi/basic.nhn?code=172118,https://ssl.pstatic.net/imgmovie/mdi/mit110/1721/172118_P13_110330.jpg,8.76
20153446,너의 결혼식,https://movie.naver.com/movie/bi/mi/basic.nhn?code=140652,https://ssl.pstatic.net/imgmovie/mdi/mit110/1406/140652_P38_143110.jpg,8.42
20187647,나를 차버린 스파이,https://movie.naver.com/movie/bi/mi/basic.nhn?code=167602,https://ssl.pstatic.net/imgmovie/mdi/mit110/1676/167602_P09_101816.jpg,7.91
20187657,마일22,https://movie.naver.com/movie/bi/mi/basic.nhn?code=171499,https://ssl.pstatic.net/imgmovie/mdi/mit110/1714/171499_P38_160259.jpg,7.41
20185046,서치,https://movie.naver.com/movie/bi/mi/basic.nhn?code=172425,https://ssl.pstatic.net/imgmovie/mdi/mit110/1724/172425_P04_130843.jpg,8.92
20177537,상류사회,https://movie.naver.com/movie/bi/mi/basic.nhn?code=172010,https://ssl.pstatic.net/imgmovie/mdi/mit110/1720/172010_P10_141651.jpg,4.25
20139221,그래비티,https://movie.naver.com/movie/bi/mi/basic.nhn?code=47370,https://ssl.pstatic.net/imgmovie/mdi/mit110/0473/47370_P32_143517.jpg,8.28
20189362,업그레이드,https://movie.naver.com/movie/bi/mi/basic.nhn?code=161912,https://ssl.pstatic.net/imgmovie/mdi/mit110/1619/161912_P01_180824.jpg,0.00
20189261,어드리프트:우리가 함께한 바다,https://movie.naver.com/movie/bi/mi/basic.nhn?code=172768,https://ssl.pstatic.net/imgmovie/mdi/mit110/1727/172768_P23_140008.jpg,8.73
20156554,물괴,https://movie.naver.com/movie/bi/mi/basic.nhn?code=132996,https://ssl.pstatic.net/imgmovie/mdi/mit110/1329/132996_P35_100121.jpg,4.82
20188581,더 프레데터,https://movie.naver.com/movie/bi/mi/basic.nhn?code=127335,https://ssl.pstatic.net/imgmovie/mdi/mit110/1273/127335_P10_172314.jpg,5.82
20176122,안시성,https://movie.naver.com/movie/bi/mi/basic.nhn?code=163533,https://ssl.pstatic.net/imgmovie/mdi/mit110/1635/163533_P99_105455.jpg,8.00
20172204,명당,https://movie.naver.com/movie/bi/mi/basic.nhn?code=162981,https://ssl.pstatic.net/imgmovie/mdi/mit110/1629/162981_P72_153440.jpg,7.06
20177308,협상,https://movie.naver.com/movie/bi/mi/basic.nhn?code=164106,https://ssl.pstatic.net/imgmovie/mdi/mit110/1641/164106_P16_135532.jpg,7.36
20189262,더 넌,https://movie.naver.com/movie/bi/mi/basic.nhn?code=168049,https://ssl.pstatic.net/imgmovie/mdi/mit110/1680/168049_P02_145901.jpg,6.67
20188304,극장판 요괴워치 섀도사이드: 도깨비왕의 부활,https://movie.naver.com/movie/bi/mi/basic.nhn?code=170496,https://ssl.pstatic.net/imgmovie/mdi/mit110/1704/170496_P19_142149.jpg,8.84
20189268,루이스,https://movie.naver.com/movie/bi/mi/basic.nhn?code=178214,https://ssl.pstatic.net/imgmovie/mdi/mit110/1782/178214_P10_102058.jpg,8.90
20167903,원더풀 고스트,https://movie.naver.com/movie/bi/mi/basic.nhn?code=152156,https://ssl.pstatic.net/imgmovie/mdi/mit110/1521/152156_P76_134247.jpg,6.63
20180167,에그엔젤 코코밍: 두근두근 핼러윈 파티,https://movie.naver.com/movie/bi/mi/basic.nhn?code=178426,https://ssl.pstatic.net/imgmovie/mdi/mit110/1784/178426_P18_102633.jpg,5.33
20189746,극장판 뽀잉: 슈퍼 변신의 비밀,https://movie.naver.com/movie/bi/mi/basic.nhn?code=178445,https://ssl.pstatic.net/imgmovie/mdi/mit110/1784/178445_P01_100308.jpg,9.00
20177221,베놈,https://movie.naver.com/movie/bi/mi/basic.nhn?code=119428,https://ssl.pstatic.net/imgmovie/mdi/mit110/1194/119428_P08_114709.jpg,7.90
20179189,암수살인,https://movie.naver.com/movie/bi/mi/basic.nhn?code=167105,https://ssl.pstatic.net/imgmovie/mdi/mit110/1671/167105_P28_103614.jpg,8.32
20189123,곰돌이 푸 다시 만나 행복해,https://movie.naver.com/movie/bi/mi/basic.nhn?code=168023,https://ssl.pstatic.net/imgmovie/mdi/mit110/1680/168023_P15_161116.jpg,8.95
20189462,셜록 놈즈,https://movie.naver.com/movie/bi/mi/basic.nhn?code=158620,https://ssl.pstatic.net/imgmovie/mdi/mit110/1586/158620_P19_101107.jpg,8.51
20189067,미쓰백,https://movie.naver.com/movie/bi/mi/basic.nhn?code=155356,https://ssl.pstatic.net/imgmovie/mdi/mit110/1553/155356_P29_104216.jpg,9.10
20180523,스타 이즈 본,https://movie.naver.com/movie/bi/mi/basic.nhn?code=168050,https://ssl.pstatic.net/imgmovie/mdi/mit110/1680/168050_P19_100458.jpg,9.15
20180770,다이노 어드벤처2: 육해공 공룡 대백과,https://movie.naver.com/movie/bi/mi/basic.nhn?code=178402,https://ssl.pstatic.net/imgmovie/mdi/mit110/1784/178402_P16_115047.jpg,5.15
20188661,에브리데이,https://movie.naver.com/movie/bi/mi/basic.nhn?code=170824,https://ssl.pstatic.net/imgmovie/mdi/mit110/1708/170824_P15_182407.jpg,7.53
20186321,퍼스트맨,https://movie.naver.com/movie/bi/mi/basic.nhn?code=168058,https://ssl.pstatic.net/imgmovie/mdi/mit110/1680/168058_P18_101211.jpg,6.95
20184678,배반의 장미,https://movie.naver.com/movie/bi/mi/basic.nhn?code=174807,https://ssl.pstatic.net/imgmovie/mdi/mit110/1748/174807_P19_111000.jpg,5.35
20187521,펭귄 하이웨이,https://movie.naver.com/movie/bi/mi/basic.nhn?code=177381,https://ssl.pstatic.net/imgmovie/mdi/mit110/1773/177381_P01_144141.jpg,6.63
20180628,액슬,https://movie.naver.com/movie/bi/mi/basic.nhn?code=167481,https://ssl.pstatic.net/imgmovie/mdi/mit110/1674/167481_P05_145414.jpg,7.03
20174981,창궐,https://movie.naver.com/movie/bi/mi/basic.nhn?code=160487,https://ssl.pstatic.net/imgmovie/mdi/mit110/1604/160487_P48_113750.jpg,5.07
20182403,크레이지 리치 아시안,https://movie.naver.com/movie/bi/mi/basic.nhn?code=168047,https://ssl.pstatic.net/imgmovie/mdi/mit110/1680/168047_P06_140254.jpg,7.05
20010291,해리포터와 마법사의 돌,https://movie.naver.com/movie/bi/mi/basic.nhn?code=30688,https://ssl.pstatic.net/imgmovie/mdi/mit110/0306/30688_P28_142632.jpg,9.22
20177538,완벽한 타인,https://movie.naver.com/movie/bi/mi/basic.nhn?code=167638,https://ssl.pstatic.net/imgmovie/mdi/mit110/1676/167638_P71_133542.jpg,8.63
20185485,보헤미안 랩소디,https://movie.naver.com/movie/bi/mi/basic.nhn?code=156464,https://ssl.pstatic.net/imgmovie/mdi/mit110/1564/156464_P49_182103.jpg,9.42
20181404,벽 속에 숨은 마법시계,https://movie.naver.com/movie/bi/mi/basic.nhn?code=164155,https://ssl.pstatic.net/imgmovie/mdi/mit110/1641/164155_P03_122329.jpg,6.03
20180987,할로윈,https://movie.naver.com/movie/bi/mi/basic.nhn?code=170879,https://ssl.pstatic.net/imgmovie/mdi/mit110/1708/170879_P03_161546.jpg,6.30
20170513,동네사람들,https://movie.naver.com/movie/bi/mi/basic.nhn?code=166610,https://ssl.pstatic.net/imgmovie/mdi/mit110/1666/166610_P58_154049.jpg,5.33
20181171,바울,https://movie.naver.com/movie/bi/mi/basic.nhn?code=173692,https://ssl.pstatic.net/imgmovie/mdi/mit110/1736/173692_P12_102159.jpg,9.17
20179006,여곡성,https://movie.naver.com/movie/bi/mi/basic.nhn?code=171750,https://ssl.pstatic.net/imgmovie/mdi/mit110/1717/171750_P05_173050.jpg,4.21
20182693,구스범스: 몬스터의 역습,https://movie.naver.com/movie/bi/mi/basic.nhn?code=172819,https://ssl.pstatic.net/imgmovie/mdi/mit110/1728/172819_P01_163303.jpg,7.39
20176814,신비한 동물들과 그린델왈드의 범죄,https://movie.naver.com/movie/bi/mi/basic.nhn?code=154255,https://ssl.pstatic.net/imgmovie/mdi/mit110/1542/154255_P24_095824.jpg,6.18
20183050,번 더 스테이지: 더 무비,https://movie.naver.com/movie/bi/mi/basic.nhn?code=176354,https://ssl.pstatic.net/imgmovie/mdi/mit110/1763/176354_P13_150227.jpg,9.31
20184481,성난황소,https://movie.naver.com/movie/bi/mi/basic.nhn?code=174835,https://ssl.pstatic.net/imgmovie/mdi/mit110/1748/174835_P26_105639.jpg,7.52
20182935,출국,https://movie.naver.com/movie/bi/mi/basic.nhn?code=179139,https://ssl.pstatic.net/imgmovie/mdi/mit110/1791/179139_P14_100455.jpg,8.76
20186822,너의 췌장을 먹고 싶어,https://movie.naver.com/movie/bi/mi/basic.nhn?code=175318,https://ssl.pstatic.net/imgmovie/mdi/mit110/1753/175318_P15_105507.jpg,8.25
20189869,해피 투게더,https://movie.naver.com/movie/bi/mi/basic.nhn?code=164147,https://ssl.pstatic.net/imgmovie/mdi/mit110/1641/164147_P46_165808.jpg,7.49
20183073,베일리 어게인,https://movie.naver.com/movie/bi/mi/basic.nhn?code=144906,https://ssl.pstatic.net/imgmovie/mdi/mit110/1449/144906_P15_103017.jpg,9.53
20182669,툴리,https://movie.naver.com/movie/bi/mi/basic.nhn?code=154653,https://ssl.pstatic.net/imgmovie/mdi/mit110/1546/154653_P12_102646.jpg,8.84
20177552,국가부도의 날,https://movie.naver.com/movie/bi/mi/basic.nhn?code=164192,https://ssl.pstatic.net/imgmovie/mdi/mit110/1641/164192_P45_134107.jpg,8.16
20181905,후드,https://movie.naver.com/movie/bi/mi/basic.nhn?code=144266,https://ssl.pstatic.net/imgmovie/mdi/mit110/1442/144266_P15_111933.jpg,6.61
20183007,거미줄에 걸린 소녀,https://movie.naver.com/movie/bi/mi/basic.nhn?code=161868,https://ssl.pstatic.net/imgmovie/mdi/mit110/1618/161868_P24_151256.jpg,7.88
20182966,투 프렌즈,https://movie.naver.com/movie/bi/mi/basic.nhn?code=179138,https://ssl.pstatic.net/imgmovie/mdi/mit110/1791/179138_P01_151818.jpg,4.54
20179230,도어락,https://movie.naver.com/movie/bi/mi/basic.nhn?code=171755,https://ssl.pstatic.net/imgmovie/mdi/mit110/1717/171755_P39_140011.jpg,6.01
20189843,호두까기 인형과 4개의 왕국,https://movie.naver.com/movie/bi/mi/basic.nhn?code=158622,https://ssl.pstatic.net/imgmovie/mdi/mit110/1586/158622_P18_142307.jpg,7.16
20178825,모털 엔진,https://movie.naver.com/movie/bi/mi/basic.nhn?code=156496,https://ssl.pstatic.net/imgmovie/mdi/mit110/1564/156496_P24_153246.jpg,6.15
20183745,런닝맨 : 풀룰루의 역습,https://movie.naver.com/movie/bi/mi/basic.nhn?code=180384,https://ssl.pstatic.net/imgmovie/mdi/mit110/1803/180384_P14_152246.jpg,7.73
20183238,스파이더맨: 뉴 유니버스,https://movie.naver.com/movie/bi/mi/basic.nhn?code=171725,https://ssl.pstatic.net/imgmovie/mdi/mit110/1717/171725_P18_175530.jpg,9.21
20182082,부탁 하나만 들어줘,https://movie.naver.com/movie/bi/mi/basic.nhn?code=171452,https://ssl.pstatic.net/imgmovie/mdi/mit110/1714/171452_P19_174244.jpg,7.81
20175547,스윙키즈,https://movie.naver.com/movie/bi/mi/basic.nhn?code=164101,https://ssl.pstatic.net/imgmovie/mdi/mit110/1641/164101_P62_155759.jpg,8.36
20180290,아쿠아맨,https://movie.naver.com/movie/bi/mi/basic.nhn?code=151153,https://ssl.pstatic.net/imgmovie/mdi/mit110/1511/151153_P19_095147.jpg,8.35
20168773,마약왕,https://movie.naver.com/movie/bi/mi/basic.nhn?code=157297,https://ssl.pstatic.net/imgmovie/mdi/mit110/1572/157297_P23_134212.jpg,6.33
20182421,그린치,https://movie.naver.com/movie/bi/mi/basic.nhn?code=150688,https://ssl.pstatic.net/imgmovie/mdi/mit110/1506/150688_P30_101919.jpg,8.33
20183479,극장판 짱구는 못말려: 아뵤! 쿵후 보이즈 ~라면 대란~,https://movie.naver.com/movie/bi/mi/basic.nhn?code=172975,https://ssl.pstatic.net/imgmovie/mdi/mit110/1729/172975_P10_141815.jpg,8.29
20183375,극장판 포켓몬스터 모두의 이야기,https://movie.naver.com/movie/bi/mi/basic.nhn?code=172187,https://ssl.pstatic.net/imgmovie/mdi/mit110/1721/172187_P19_110125.jpg,8.97
20186281,범블비,https://movie.naver.com/movie/bi/mi/basic.nhn?code=164139,https://ssl.pstatic.net/imgmovie/mdi/mit110/1641/164139_P12_153521.jpg,8.09
20170658,PMC: 더 벙커,https://movie.naver.com/movie/bi/mi/basic.nhn?code=166092,https://ssl.pstatic.net/imgmovie/mdi/mit110/1660/166092_P35_104446.jpg,5.21
20183785,점박이 한반도의 공룡2 : 새로운 낙원,https://movie.naver.com/movie/bi/mi/basic.nhn?code=180379,https://ssl.pstatic.net/imgmovie/mdi/mit110/1803/180379_P32_111508.jpg,9.13
20189463,주먹왕 랄프 2: 인터넷 속으로,https://movie.naver.com/movie/bi/mi/basic.nhn?code=152632,https://ssl.pstatic.net/imgmovie/mdi/mit110/1526/152632_P19_104759.jpg,8.68
20184187,언니,https://movie.naver.com/movie/bi/mi/basic.nhn?code=152344,https://ssl.pstatic.net/imgmovie/mdi/mit110/1523/152344_P75_112734.jpg,5.56
20184105,말모이,https://movie.naver.com/movie/bi/mi/basic.nhn?code=167699,https://ssl.pstatic.net/imgmovie/mdi/mit110/1676/167699_P40_175859.jpg,9.07
20176251,내안의 그놈,https://movie.naver.com/movie/bi/mi/basic.nhn?code=164172,https://ssl.pstatic.net/imgmovie/mdi/mit110/1641/164172_P08_114039.jpg,8.19
20183915,극장판 공룡메카드: 타이니소어의 섬,https://movie.naver.com/movie/bi/mi/basic.nhn?code=180372,https://ssl.pstatic.net/imgmovie/mdi/mit110/1803/180372_P16_101254.jpg,9.14
20184574,그린 북,https://movie.naver.com/movie/bi/mi/basic.nhn?code=171539,https://ssl.pstatic.net/imgmovie/mdi/mit110/1715/171539_P26_135622.jpg,9.61
20182544,글래스,https://movie.naver.com/movie/bi/mi/basic.nhn?code=163826,https://ssl.pstatic.net/imgmovie/mdi/mit110/1638/163826_P07_174644.jpg,7.40
20186324,언더독,https://movie.naver.com/movie/bi/mi/basic.nhn?code=144318,https://ssl.pstatic.net/imgmovie/mdi/mit110/1443/144318_P19_100103.jpg,9.31
20182588,미래의 미라이,https://movie.naver.com/movie/bi/mi/basic.nhn?code=172137,https://ssl.pstatic.net/imgmovie/mdi/mit110/1721/172137_P12_134909.jpg,6.05
20182530,극한직업,https://movie.naver.com/movie/bi/mi/basic.nhn?code=167651,https://ssl.pstatic.net/imgmovie/mdi/mit110/1676/167651_P106_141030.jpg,8.53
20185124,러브 유어셀프 인 서울,https://movie.naver.com/movie/bi/mi/basic.nhn?code=180220,https://ssl.pstatic.net/imgmovie/mdi/mit110/1802/180220_P01_102406.jpg,9.28
20189385,몬스터 파크,https://movie.naver.com/movie/bi/mi/basic.nhn?code=168056,https://ssl.pstatic.net/imgmovie/mdi/mit110/1680/168056_P10_100606.jpg,7.19
20180868,뺑반,https://movie.naver.com/movie/bi/mi/basic.nhn?code=164173,https://ssl.pstatic.net/imgmovie/mdi/mit110/1641/164173_P45_171744.jpg,6.08
20186261,드래곤 길들이기 3,https://movie.naver.com/movie/bi/mi/basic.nhn?code=109193,https://ssl.pstatic.net/imgmovie/mdi/mit110/1091/109193_P21_103935.jpg,9.24
20185478,극장판 헬로카봇: 옴파로스 섬의 비밀,https://movie.naver.com/movie/bi/mi/basic.nhn?code=181554,https://ssl.pstatic.net/imgmovie/mdi/mit110/1815/181554_P23_112202.jpg,8.75
20184896,가버나움,https://movie.naver.com/movie/bi/mi/basic.nhn?code=174830,https://ssl.pstatic.net/imgmovie/mdi/mit110/1748/174830_P17_104205.jpg,9.59
20188282,알리타: 배틀 엔젤,https://movie.naver.com/movie/bi/mi/basic.nhn?code=66728,https://ssl.pstatic.net/imgmovie/mdi/mit110/0667/66728_P38_102726.jpg,8.71
20185444,레고 무비2,https://movie.naver.com/movie/bi/mi/basic.nhn?code=125438,https://ssl.pstatic.net/imgmovie/mdi/mit110/1254/125438_P06_114959.jpg,8.73
20185881,증인,https://movie.naver.com/movie/bi/mi/basic.nhn?code=177374,https://ssl.pstatic.net/imgmovie/mdi/mit110/1773/177374_P100_112832.jpg,9.07
20195915,해피 데스데이 2 유,https://movie.naver.com/movie/bi/mi/basic.nhn?code=181411,https://ssl.pstatic.net/imgmovie/mdi/mit110/1814/181411_P02_101349.jpg,7.39
20174169,기묘한 가족,https://movie.naver.com/movie/bi/mi/basic.nhn?code=169078,https://ssl.pstatic.net/imgmovie/mdi/mit110/1690/169078_P66_101231.jpg,5.89
20184888,메리 포핀스 리턴즈,https://movie.naver.com/movie/bi/mi/basic.nhn?code=151151,https://ssl.pstatic.net/imgmovie/mdi/mit110/1511/151151_P24_105029.jpg,8.18
20162003,명탐정 코난:전율의 악보,https://movie.naver.com/movie/bi/mi/basic.nhn?code=48233,https://ssl.pstatic.net/imgmovie/mdi/mit110/0482/48233_P05_140218.jpg,8.29
20177539,사바하,https://movie.naver.com/movie/bi/mi/basic.nhn?code=167099,https://ssl.pstatic.net/imgmovie/mdi/mit110/1670/167099_P13_101134.jpg,7.20
20195743,신데렐라:마법 반지의 비밀,https://movie.naver.com/movie/bi/mi/basic.nhn?code=181959,https://ssl.pstatic.net/imgmovie/mdi/mit110/1819/181959_P11_114544.jpg,6.37
20020222,해리포터와 비밀의 방,https://movie.naver.com/movie/bi/mi/basic.nhn?code=33930,https://ssl.pstatic.net/imgmovie/mdi/mit110/0339/C3930-06.jpg,8.86
20185576,콜드 체이싱,https://movie.naver.com/movie/bi/mi/basic.nhn?code=181409,https://ssl.pstatic.net/imgmovie/mdi/mit110/1814/181409_P30_100656.jpg,6.58
20196601,항거:유관순 이야기,https://movie.naver.com/movie/bi/mi/basic.nhn?code=182360,https://ssl.pstatic.net/imgmovie/mdi/mit110/1823/182360_P11_140223.jpg,8.59
20176442,자전차왕 엄복동,https://movie.naver.com/movie/bi/mi/basic.nhn?code=159070,https://ssl.pstatic.net/imgmovie/mdi/mit110/1590/159070_P13_114738.jpg,3.84
20195791,"어쩌다, 결혼",https://movie.naver.com/movie/bi/mi/basic.nhn?code=167629,https://ssl.pstatic.net/imgmovie/mdi/mit110/1676/167629_P17_105046.jpg,4.50
20180937,더 페이버릿: 여왕의 여자,https://movie.naver.com/movie/bi/mi/basic.nhn?code=148909,https://ssl.pstatic.net/imgmovie/mdi/mit110/1489/148909_P29_164758.jpg,8.77
20181877,캡틴 마블,https://movie.naver.com/movie/bi/mi/basic.nhn?code=132623,https://ssl.pstatic.net/imgmovie/mdi/mit110/1326/132623_P22_133853.jpg,6.74
20177282,리노,https://movie.naver.com/movie/bi/mi/basic.nhn?code=170953,https://ssl.pstatic.net/imgmovie/mdi/mit110/1709/170953_P08_140411.jpg,8.10
20197283,이스케이프 룸,https://movie.naver.com/movie/bi/mi/basic.nhn?code=180425,https://ssl.pstatic.net/imgmovie/mdi/mit110/1804/180425_P19_175210.jpg,7.63
20176103,돈,https://movie.naver.com/movie/bi/mi/basic.nhn?code=163608,https://ssl.pstatic.net/imgmovie/mdi/mit110/1636/163608_P43_141047.jpg,7.43
20197356,라스트 미션,https://movie.naver.com/movie/bi/mi/basic.nhn?code=179974,https://ssl.pstatic.net/imgmovie/mdi/mit110/1799/179974_P01_153621.jpg,8.82
20196723,숲속왕국의 꿀벌 여왕,https://movie.naver.com/movie/bi/mi/basic.nhn?code=182206,https://ssl.pstatic.net/imgmovie/mdi/mit110/1822/182206_P12_121114.jpg,8.63
20197846,악질경찰,https://movie.naver.com/movie/bi/mi/basic.nhn?code=153580,https://ssl.pstatic.net/imgmovie/mdi/mit110/1535/153580_P24_103637.jpg,5.78
20175407,우상,https://movie.naver.com/movie/bi/mi/basic.nhn?code=161984,https://ssl.pstatic.net/imgmovie/mdi/mit110/1619/161984_P61_144815.jpg,3.94
20198603,페이트 스테이 나이트 헤븐즈필 제2장 로스트 버터플라이,https://movie.naver.com/movie/bi/mi/basic.nhn?code=169263,https://ssl.pstatic.net/imgmovie/mdi/mit110/1692/169263_P01_094955.jpg,7.93
20197617,정글북: 마법 원정대,https://movie.naver.com/movie/bi/mi/basic.nhn?code=149022,https://ssl.pstatic.net/imgmovie/mdi/mit110/1490/149022_P12_110503.jpg,6.94
20185352,어스,https://movie.naver.com/movie/bi/mi/basic.nhn?code=181414,https://ssl.pstatic.net/imgmovie/mdi/mit110/1814/181414_P24_174349.jpg,6.82
20196025,덤보,https://movie.naver.com/movie/bi/mi/basic.nhn?code=163787,https://ssl.pstatic.net/imgmovie/mdi/mit110/1637/163787_P33_174808.jpg,8.94
20183773,장난스런 키스,https://movie.naver.com/movie/bi/mi/basic.nhn?code=180381,https://ssl.pstatic.net/imgmovie/mdi/mit110/1803/180381_P17_103533.jpg,8.27
20166301,썬키스 패밀리,https://movie.naver.com/movie/bi/mi/basic.nhn?code=152624,https://ssl.pstatic.net/imgmovie/mdi/mit110/1526/152624_P34_161443.jpg,5.93
20197483,1919 유관순,https://movie.naver.com/movie/bi/mi/basic.nhn?code=182407,https://ssl.pstatic.net/imgmovie/mdi/mit110/1824/182407_P00_105405.jpg,8.29
20198146,콜레트,https://movie.naver.com/movie/bi/mi/basic.nhn?code=171533,https://ssl.pstatic.net/imgmovie/mdi/mit110/1715/171533_P29_143351.jpg,8.67
20196244,샤잠!,https://movie.naver.com/movie/bi/mi/basic.nhn?code=140649,https://ssl.pstatic.net/imgmovie/mdi/mit110/1406/140649_P11_111034.jpg,5.84
20183096,생일,https://movie.naver.com/movie/bi/mi/basic.nhn?code=174050,https://ssl.pstatic.net/imgmovie/mdi/mit110/1740/174050_P32_172314.jpg,7.15
20197092,로망,https://movie.naver.com/movie/bi/mi/basic.nhn?code=182348,https://ssl.pstatic.net/imgmovie/mdi/mit110/1823/182348_P02_174720.jpg,9.30
20198104,바이스,https://movie.naver.com/movie/bi/mi/basic.nhn?code=168045,https://ssl.pstatic.net/imgmovie/mdi/mit110/1680/168045_P15_100136.jpg,8.47
20185406,헬보이,https://movie.naver.com/movie/bi/mi/basic.nhn?code=164200,https://ssl.pstatic.net/imgmovie/mdi/mit110/1642/164200_P05_105455.jpg,6.87
20180825,미성년,https://movie.naver.com/movie/bi/mi/basic.nhn?code=171785,https://ssl.pstatic.net/imgmovie/mdi/mit110/1717/171785_P84_181225.jpg,8.31
20197423,공포의 묘지,https://movie.naver.com/movie/bi/mi/basic.nhn?code=181419,https://ssl.pstatic.net/imgmovie/mdi/mit110/1814/181419_P28_165542.jpg,4.86
20198403,파이브 피트,https://movie.naver.com/movie/bi/mi/basic.nhn?code=181912,https://ssl.pstatic.net/imgmovie/mdi/mit110/1819/181912_P10_135327.jpg,8.98
20183454,요로나의 저주,https://movie.naver.com/movie/bi/mi/basic.nhn?code=180399,https://ssl.pstatic.net/imgmovie/mdi/mit110/1803/180399_P00_154546.jpg,6.90
20198982,크게 될 놈,https://movie.naver.com/movie/bi/mi/basic.nhn?code=159845,https://ssl.pstatic.net/imgmovie/mdi/mit110/1598/159845_P12_102707.jpg,8.84
20182501,왓칭,https://movie.naver.com/movie/bi/mi/basic.nhn?code=173667,https://ssl.pstatic.net/imgmovie/mdi/mit110/1736/173667_P27_101947.jpg,5.30
20198844,아이 엠 마더,https://movie.naver.com/movie/bi/mi/basic.nhn?code=168096,https://ssl.pstatic.net/imgmovie/mdi/mit110/1680/168096_P09_171654.jpg,7.54
20184889,어벤져스: 엔드게임,https://movie.naver.com/movie/bi/mi/basic.nhn?code=136900,https://ssl.pstatic.net/imgmovie/mdi/mit110/1369/136900_P57_104126.jpg,9.39
20198183,뽀로로 극장판 보물섬 대모험,https://movie.naver.com/movie/bi/mi/basic.nhn?code=183136,https://ssl.pstatic.net/imgmovie/mdi/mit110/1831/183136_P10_134628.jpg,9.28
19990220,노팅 힐,https://movie.naver.com/movie/bi/mi/basic.nhn?code=24830,https://ssl.pstatic.net/imgmovie/mdi/mit110/0248/24830_P18_133358.jpg,9.07
20185784,나의 특별한 형제,https://movie.naver.com/movie/bi/mi/basic.nhn?code=175366,https://ssl.pstatic.net/imgmovie/mdi/mit110/1753/175366_P31_101140.jpg,8.90
20198598,명탐정 피카츄,https://movie.naver.com/movie/bi/mi/basic.nhn?code=167657,https://ssl.pstatic.net/imgmovie/mdi/mit110/1676/167657_P03_163928.jpg,8.12
20197147,어글리 돌,https://movie.naver.com/movie/bi/mi/basic.nhn?code=182012,https://ssl.pstatic.net/imgmovie/mdi/mit110/1820/182012_P08_135215.jpg,9.18
20169323,안도 타다오,https://movie.naver.com/movie/bi/mi/basic.nhn?code=148863,https://ssl.pstatic.net/imgmovie/mdi/mit110/1488/148863_P10_094956.jpg,8.35
20060347,판의 미로 - 오필리아와 세 개의 열쇠,https://movie.naver.com/movie/bi/mi/basic.nhn?code=49336,https://ssl.pstatic.net/imgmovie/mdi/mit110/0493/49336_P59_105053.jpg,7.90
20199736,프렌즈: 둥지탈출,https://movie.naver.com/movie/bi/mi/basic.nhn?code=184253,https://ssl.pstatic.net/imgmovie/mdi/mit110/1842/184253_P10_155905.jpg,8.86
20184082,걸캅스,https://movie.naver.com/movie/bi/mi/basic.nhn?code=174065,https://ssl.pstatic.net/imgmovie/mdi/mit110/1740/174065_P44_174038.jpg,5.67
20185384,호텔 뭄바이,https://movie.naver.com/movie/bi/mi/basic.nhn?code=165022,https://ssl.pstatic.net/imgmovie/mdi/mit110/1650/165022_P15_153454.jpg,9.11
20188941,악인전,https://movie.naver.com/movie/bi/mi/basic.nhn?code=177967,https://ssl.pstatic.net/imgmovie/mdi/mit110/1779/177967_P50_114447.jpg,7.93
20187981,배심원들,https://movie.naver.com/movie/bi/mi/basic.nhn?code=177483,https://ssl.pstatic.net/imgmovie/mdi/mit110/1774/177483_P122_133507.jpg,8.91
20198597,교회오빠,https://movie.naver.com/movie/bi/mi/basic.nhn?code=183132,https://ssl.pstatic.net/imgmovie/mdi/mit110/1831/183132_P05_134901.jpg,9.28
20197503,서스페리아,https://movie.naver.com/movie/bi/mi/basic.nhn?code=151550,https://ssl.pstatic.net/imgmovie/mdi/mit110/1515/151550_P22_095949.jpg,6.87
20183867,알라딘,https://movie.naver.com/movie/bi/mi/basic.nhn?code=163788,https://ssl.pstatic.net/imgmovie/mdi/mit110/1637/163788_P18_105943.jpg,9.43
20199448,어린 의뢰인,https://movie.naver.com/movie/bi/mi/basic.nhn?code=180169,https://ssl.pstatic.net/imgmovie/mdi/mit110/1801/180169_P64_101528.jpg,9.00
20199822,더 보이,https://movie.naver.com/movie/bi/mi/basic.nhn?code=181701,https://ssl.pstatic.net/imgmovie/mdi/mit110/1817/181701_P09_111143.jpg,4.95
20183782,기생충,https://movie.naver.com/movie/bi/mi/basic.nhn?code=161967,https://ssl.pstatic.net/imgmovie/mdi/mit110/1619/161967_P80_151640.jpg,8.50
20184865,고질라: 킹 오브 몬스터,https://movie.naver.com/movie/bi/mi/basic.nhn?code=137327,https://ssl.pstatic.net/imgmovie/mdi/mit110/1373/137327_P17_171853.jpg,7.25
20188144,0.0MHz,https://movie.naver.com/movie/bi/mi/basic.nhn?code=177371,https://ssl.pstatic.net/imgmovie/mdi/mit110/1773/177371_P20_114332.jpg,5.05
20182387,엑스맨: 다크 피닉스,https://movie.naver.com/movie/bi/mi/basic.nhn?code=164125,https://ssl.pstatic.net/imgmovie/mdi/mit110/1641/164125_P65_143635.jpg,6.47
19880001,이웃집 토토로,https://movie.naver.com/movie/bi/mi/basic.nhn?code=18781,https://ssl.pstatic.net/imgmovie/mdi/mit110/0187/A8781-00.jpg,9.26
20198291,로켓맨,https://movie.naver.com/movie/bi/mi/basic.nhn?code=181704,https://ssl.pstatic.net/imgmovie/mdi/mit110/1817/181704_P35_105923.jpg,8.13
20199063,빅샤크2: 해저2만리,https://movie.naver.com/movie/bi/mi/basic.nhn?code=183870,https://ssl.pstatic.net/imgmovie/mdi/mit110/1838/183870_P25_095540.jpg,8.05
20196657,맨 인 블랙: 인터내셔널,https://movie.naver.com/movie/bi/mi/basic.nhn?code=97631,https://ssl.pstatic.net/imgmovie/mdi/mit110/0976/97631_P49_094859.jpg,5.30
20190273,천로역정: 천국을 찾아서,https://movie.naver.com/movie/bi/mi/basic.nhn?code=183836,https://ssl.pstatic.net/imgmovie/mdi/mit110/1838/183836_P33_161902.jpg,8.75
20191401,업사이드,https://movie.naver.com/movie/bi/mi/basic.nhn?code=167053,https://ssl.pstatic.net/imgmovie/mdi/mit110/1670/167053_P13_111013.jpg,8.54
20190466,세상을 바꾼 변호인,https://movie.naver.com/movie/bi/mi/basic.nhn?code=137865,https://ssl.pstatic.net/imgmovie/mdi/mit110/1378/137865_P17_113027.jpg,8.89
20184047,토이 스토리 4,https://movie.naver.com/movie/bi/mi/basic.nhn?code=101966,https://ssl.pstatic.net/imgmovie/mdi/mit110/1019/101966_P09_114632.jpg,9.08
20198453,롱 리브 더 킹: 목포 영웅,https://movie.naver.com/movie/bi/mi/basic.nhn?code=179125,https://ssl.pstatic.net/imgmovie/mdi/mit110/1791/179125_P44_162751.jpg,7.64
20196655,존 윅 3: 파라벨룸,https://movie.naver.com/movie/bi/mi/basic.nhn?code=181698,https://ssl.pstatic.net/imgmovie/mdi/mit110/1816/181698_P38_102749.jpg,8.27
20190885,사탄의 인형,https://movie.naver.com/movie/bi/mi/basic.nhn?code=183820,https://ssl.pstatic.net/imgmovie/mdi/mit110/1838/183820_P08_141424.jpg,7.00
20199951,애나벨 집으로,https://movie.naver.com/movie/bi/mi/basic.nhn?code=183850,https://ssl.pstatic.net/imgmovie/mdi/mit110/1838/183850_P16_113434.jpg,6.74
20182585,비스트,https://movie.naver.com/movie/bi/mi/basic.nhn?code=179875,https://ssl.pstatic.net/imgmovie/mdi/mit110/1798/179875_P37_142918.jpg,5.57
20192022,마담 싸이코,https://movie.naver.com/movie/bi/mi/basic.nhn?code=167633,https://ssl.pstatic.net/imgmovie/mdi/mit110/1676/167633_P18_100754.jpg,6.91
20196309,스파이더맨: 파 프롬 홈,https://movie.naver.com/movie/bi/mi/basic.nhn?code=173123,https://ssl.pstatic.net/imgmovie/mdi/mit110/1731/173123_P06_135928.jpg,8.37
20192591,BIFAN2019 판타스틱 단편 걸작선 1,https://movie.naver.com/movie/bi/mi/basic.nhn?code=183666,https://ssl.pstatic.net/imgmovie/mdi/mit110/1836/183666_P01_135734.jpg,0.00
20185353,기방도령,https://movie.naver.com/movie/bi/mi/basic.nhn?code=180209,https://ssl.pstatic.net/imgmovie/mdi/mit110/1802/180209_P42_134851.jpg,5.90
20185986,진범,https://movie.naver.com/movie/bi/mi/basic.nhn?code=174834,https://ssl.pstatic.net/imgmovie/mdi/mit110/1748/174834_P53_105510.jpg,7.37
20191601,극장판 엉덩이 탐정: 화려한 사건 수첩,https://movie.naver.com/movie/bi/mi/basic.nhn?code=183783,https://ssl.pstatic.net/imgmovie/mdi/mit110/1837/183783_P16_105340.jpg,4.08
20192151,미드소마,https://movie.naver.com/movie/bi/mi/basic.nhn?code=182014,https://ssl.pstatic.net/imgmovie/mdi/mit110/1820/182014_P09_102330.jpg,6.93
